Algorithm,Params,Validation,Accuracy,Recall,Precision,F1
BernoulliNB,Default,CV-5,0.645454545455,0.55,0.55,0.543650793651
AdaBoostClassifier,Algorithm:SAMME-n_estimators:10,CV-5,0.587272727273,0.4,0.533333333333,0.414285714286
KNeighborsClassifier,n_neighbors:1-algorithm:auto-metric:minkowski-weights:uniform,CV-5,0.569090909091,0.6,0.436666666667,0.495021645022
NuSVM,kernel:rbf-nu:0.010000-degree:3,CV-5,0.489090909091,0.45,0.396666666667,0.413174603175
DecisionTree,criterion:gini-splitter:best,CV-5,0.449090909091,0.5,0.328888888889,0.473232323232
Bagging,bootstrap:True-n_estimators:10,CV-5,0.525454545455,0.4,0.295714285714,0.355555555556
GaussianNB,Default,CV-5,0.607272727273,0.15,0.1,0.12
SVM,kernel:rbf-c:0.010000-degree:3,CV-5,0.607272727273,0.0,0.0,0.0
